id,plan_week_id,day_id,created_at,updated_at
00b3701a-699d-4c41-a008-9107ed1eeef6,73957c38-f7da-4f51-a9eb-8271340e6220,5,2022-05-30 13:43:15 UTC,2022-05-30 13:43:15 UTC
015e0232-e74d-42b0-8212-c87a444d235e,803805da-61bb-437a-b3b8-27504521c060,4,2022-05-30 19:39:22 UTC,2022-05-30 19:39:22 UTC
01624c16-0451-4b46-811b-8e07c238007f,1154d458-ed1d-464b-8b7a-aa4ace71f79d,1,2022-05-30 13:06:45 UTC,2022-05-30 13:06:45 UTC
0162f96f-4c6d-4814-a64a-17a1874d3e6f,0bd4decd-b3d9-4a5d-b526-0116610395ef,6,2022-05-30 19:39:21 UTC,2022-05-30 19:39:21 UTC
02370c32-93a6-40e1-be1d-9959ec962573,d2fd2991-a09e-47af-9eef-b10adbf2b591,5,2022-05-30 19:38:47 UTC,2022-05-30 19:38:47 UTC
02a8eb64-6c05-45c2-9c37-6dd677f44901,a5d7e175-d45e-4d18-ab78-089b6fc720ba,2,2022-05-30 19:39:39 UTC,2022-05-30 19:39:39 UTC
037b0c10-b054-4322-b88f-f06d620703fe,dbed426c-e15a-4b0d-90c3-71c98c0625b2,7,2022-05-30 19:39:06 UTC,2022-05-30 19:39:06 UTC
043ef145-b61a-43ca-a750-f22dc1e1f44e,73957c38-f7da-4f51-a9eb-8271340e6220,7,2022-05-30 13:43:15 UTC,2022-05-30 13:43:15 UTC
048bd195-df78-4336-8092-8ceb9d317336,b779b157-36f9-42ad-9ac4-da191b37524a,7,2022-05-30 19:39:38 UTC,2022-05-30 19:39:38 UTC
050b4803-b6a8-45e8-aff1-d64e7d9a9854,6ab645f0-17c7-4eb3-b229-7ff1ad602f64,7,2022-05-30 19:03:24 UTC,2022-05-30 19:03:24 UTC
065416c1-76dd-463e-bafe-6c10116d6c0f,833877bc-7c74-4049-a0b6-9bcee0aa3df9,1,2022-05-30 19:37:10 UTC,2022-05-30 19:37:10 UTC
07113440-713e-4c70-b955-278b73c8725c,356ad568-b7d0-4ece-894c-fa4d042cb3fa,4,2022-05-30 13:43:20 UTC,2022-05-30 13:43:20 UTC
07498bdb-b650-4429-8769-e77e925d80c1,f3352287-ac5c-40cc-a967-d7a6cb889786,1,2022-05-30 13:42:55 UTC,2022-05-30 13:42:55 UTC
07ad97a5-c0ee-4f27-a7e5-4145b1f307e6,b65d7859-5b9a-4708-9921-fe9a13ee488a,6,2022-05-30 19:39:07 UTC,2022-05-30 19:39:07 UTC
08061b3b-7465-4104-ae8a-2c6024dd7c91,dbed426c-e15a-4b0d-90c3-71c98c0625b2,6,2022-05-30 19:39:06 UTC,2022-05-30 19:39:06 UTC
08e1593e-fa49-4b7f-8649-f4c5b01ff8ec,b16e9ec8-9602-4fb9-acab-df52a366d05e,5,2022-05-30 19:38:08 UTC,2022-05-30 19:38:08 UTC
0acdbcc8-20e8-4f3b-af68-06a270171fad,4d013826-257d-402b-8365-094ffba63973,4,2022-05-30 13:44:03 UTC,2022-05-30 13:44:03 UTC
0b17f652-b8e8-4db4-8144-dffdc657aa2a,46904b36-140c-4871-aaf9-32fa45fef060,5,2022-05-30 19:38:08 UTC,2022-05-30 19:38:08 UTC
0c2034e8-7faf-4b04-8082-b8e3828f5ac1,6046b9c1-9ce2-48b1-ad68-40767e85bc8b,4,2022-05-30 19:39:21 UTC,2022-05-30 19:39:21 UTC
0c9ba1d7-fb0b-4309-884a-abd2e18c27f2,3b641bcd-5661-46e1-a92f-106457152c0f,5,2022-05-30 19:38:46 UTC,2022-05-30 19:38:46 UTC
0f98366f-debc-45a3-9a4e-d9e0122dfcc8,356ad568-b7d0-4ece-894c-fa4d042cb3fa,2,2022-05-30 13:43:20 UTC,2022-05-30 13:43:20 UTC
102a4d32-c1ec-4bf9-b510-43334a5c0256,0306b14a-269c-477c-b25b-982017617535,3,2022-05-30 19:39:21 UTC,2022-05-30 19:39:21 UTC
1045e814-d4fb-4ee4-b0fc-31d0aa4621db,8b90b142-c17c-4c12-b7be-82e24d90798e,7,2022-05-30 19:38:47 UTC,2022-05-30 19:38:47 UTC
106d8b4e-0303-42b6-9d75-c2ed5b432bb7,eba5b55d-f24e-4ff6-813d-63ffc5ff276e,1,2022-05-30 19:39:39 UTC,2022-05-30 19:39:39 UTC
1083bdb6-1d04-40f3-846b-bbf6f79c22e5,b16e9ec8-9602-4fb9-acab-df52a366d05e,3,2022-05-30 19:38:08 UTC,2022-05-30 19:38:08 UTC
1087d347-90f7-40e8-b41f-9c41b26702f6,4091cae2-1263-4d5b-83ac-001dea18027c,2,2022-05-30 19:39:51 UTC,2022-05-30 19:39:51 UTC
11f5bdf4-493a-4ab0-b28e-f63da755e83d,7322ec55-f4f5-4986-b536-9a4a0278b4cc,3,2022-05-30 19:39:07 UTC,2022-05-30 19:39:07 UTC
121a46e4-b382-4e8d-a480-6eae1af9dd76,f3352287-ac5c-40cc-a967-d7a6cb889786,6,2022-05-30 13:42:56 UTC,2022-05-30 13:42:56 UTC
1365ff9e-f376-44d0-ac1c-f0f5b894db53,d2fd2991-a09e-47af-9eef-b10adbf2b591,1,2022-05-30 19:38:47 UTC,2022-05-30 19:38:47 UTC
13931449-e733-4f19-aa16-7e98156323a6,eb208206-72b9-4dc9-ad31-e2f5c56258f3,2,2022-05-30 19:38:47 UTC,2022-05-30 19:38:47 UTC
1460ce7e-c8c6-4ac3-8508-88d032998958,f7417338-5cba-4c12-b19d-a9cc31dc05d4,2,2022-05-30 19:39:52 UTC,2022-05-30 19:39:52 UTC
16884673-57f4-426f-9dab-62f42f26fcf1,35b31feb-d733-4613-a53a-a3a3eb47e84a,1,2022-05-30 13:44:07 UTC,2022-05-30 13:44:07 UTC
16bac491-60bb-47c7-977b-187bf4ed52b3,b756108e-2ce7-4a81-8622-ff342ad0397f,7,2022-05-30 19:37:10 UTC,2022-05-30 19:37:10 UTC
16ed4539-767a-4f1c-ad0e-e9ad456fa65d,5e9abc05-4d2f-494e-ae7f-72dadba2cce1,4,2022-05-30 19:38:08 UTC,2022-05-30 19:38:08 UTC
16ef21e9-f73b-4bde-b5fc-a0550143872a,3aef37ac-f8d9-497e-a24a-b2086a8e6505,2,2022-05-30 19:38:29 UTC,2022-05-30 19:38:29 UTC
1707434d-16a5-4b2d-8476-cb98c2d9a359,df76c996-e90f-4529-98fc-4c169ad15231,3,2022-05-30 19:03:24 UTC,2022-05-30 19:03:24 UTC
17427bbc-6f03-4369-87cb-8bc8a33292d7,0e3ada64-f88d-40ef-9431-7edb65e0a947,7,2022-05-30 13:44:10 UTC,2022-05-30 13:44:10 UTC
1742dda2-be81-4966-b5aa-ba5f10b4653e,e8e9fcfd-50cf-4695-bf57-7b4903f13955,3,2022-05-30 19:39:39 UTC,2022-05-30 19:39:39 UTC
17f26085-a274-4039-a3de-0a94a9fe3932,803805da-61bb-437a-b3b8-27504521c060,3,2022-05-30 19:39:22 UTC,2022-05-30 19:39:22 UTC
17fb9f3a-4e55-4e64-a715-88e893aa48a4,9d64e291-0648-4c92-bc97-f0fb38c78957,1,2022-05-30 19:38:30 UTC,2022-05-30 19:38:30 UTC
186f535d-7f1c-4068-85fd-01aecb23bea4,f7417338-5cba-4c12-b19d-a9cc31dc05d4,3,2022-05-30 19:39:52 UTC,2022-05-30 19:39:52 UTC
196a1cd3-07a0-4485-aba0-f7d8c848067c,356ad568-b7d0-4ece-894c-fa4d042cb3fa,7,2022-05-30 13:43:20 UTC,2022-05-30 13:43:20 UTC
19d2c5e6-7886-4141-8a46-62b688bae522,27b60c6d-66b0-45e4-8d07-2a8515f67419,4,2022-05-30 19:38:29 UTC,2022-05-30 19:38:29 UTC
1a126967-a32b-44f2-8a09-b9d1d711fcbc,15c20e0b-5fee-48d7-93f0-8884eae9d337,1,2022-05-30 01:52:10 UTC,2022-05-30 01:52:10 UTC
1a5c952e-3654-4e79-956d-ac6e40022dd5,0934edd4-a4ba-44d4-ada0-8b4b905a9e53,7,2022-05-30 19:37:10 UTC,2022-05-30 19:37:10 UTC
1a83b968-a9e8-4ff3-b4a7-3630ac64539c,b779b157-36f9-42ad-9ac4-da191b37524a,6,2022-05-30 19:39:38 UTC,2022-05-30 19:39:38 UTC
1ae6a2c4-81ce-4be4-8882-ed4928d6af90,319e7a04-d43d-433f-a6ff-043c34688e15,3,2022-05-30 13:44:13 UTC,2022-05-30 13:44:13 UTC
1b73c84a-854d-4b5b-a6bf-03c2857e02b7,c8b63f52-50e7-46af-a28e-9a76121ed298,5,2022-05-29 18:05:07 UTC,2022-05-29 18:05:07 UTC
1bc574ca-fbfb-4173-9c90-49df92b8bd8c,6046b9c1-9ce2-48b1-ad68-40767e85bc8b,5,2022-05-30 19:39:21 UTC,2022-05-30 19:39:21 UTC
1c36da2c-10ce-400a-8d7d-974044a779b7,eba5b55d-f24e-4ff6-813d-63ffc5ff276e,5,2022-05-30 19:39:39 UTC,2022-05-30 19:39:39 UTC
1c77c644-ae48-44ef-9216-fb73fa04f6e2,a5d7e175-d45e-4d18-ab78-089b6fc720ba,7,2022-05-30 19:39:39 UTC,2022-05-30 19:39:39 UTC
1cb33be1-36f8-4fed-8a1b-5b4b9a3a456a,6ab645f0-17c7-4eb3-b229-7ff1ad602f64,3,2022-05-30 19:03:24 UTC,2022-05-30 19:03:24 UTC
1cde46eb-729d-444b-b7f5-06d5d35e9f61,467537c9-2cb2-4768-8b65-d6baac110578,1,2022-05-30 19:41:24 UTC,2022-05-30 19:41:24 UTC
1d55d129-ff3e-449a-aca4-bf5b00e9fc24,d88cf22a-7355-4faf-97fe-b9e3d54c348c,6,2022-05-30 19:03:24 UTC,2022-05-30 19:03:24 UTC
1db07fbe-1fbd-4b38-a87a-85de87adabf0,dbed426c-e15a-4b0d-90c3-71c98c0625b2,5,2022-05-30 19:39:06 UTC,2022-05-30 19:39:06 UTC
1f03c8ef-4e8c-4c73-99db-de41c8ca3a12,27b60c6d-66b0-45e4-8d07-2a8515f67419,3,2022-05-30 19:38:29 UTC,2022-05-30 19:38:29 UTC
21b9750b-b9a8-4ede-9b25-dd9479523334,0e3ada64-f88d-40ef-9431-7edb65e0a947,1,2022-05-30 13:44:10 UTC,2022-05-30 13:44:10 UTC
23052cdf-871b-4b0a-a220-96dbcf6c6e1f,f3a03ea5-57cf-4ddc-8c62-3a8967fe027f,3,2022-05-29 02:50:02 UTC,2022-05-29 02:50:02 UTC
23561a6a-21c3-4cd6-bd45-595db00ac4b1,833877bc-7c74-4049-a0b6-9bcee0aa3df9,4,2022-05-30 19:37:10 UTC,2022-05-30 19:37:10 UTC
249c1949-f9cd-4563-b6c8-e7fa024a64b5,d8c83c90-2609-49a7-b5d2-92922e2ab617,3,2022-05-30 19:38:47 UTC,2022-05-30 19:38:47 UTC
25381f2e-78aa-4b17-98a6-31e4a813dc2d,0306b14a-269c-477c-b25b-982017617535,5,2022-05-30 19:39:21 UTC,2022-05-30 19:39:21 UTC
25906619-bb8a-498d-8490-43a41e67ae4e,82e14869-a8e1-4495-b17f-2ec6a43f782f,7,2022-05-30 19:41:23 UTC,2022-05-30 19:41:23 UTC
2590e97f-4f0a-4516-b680-09e65a83df19,35b31feb-d733-4613-a53a-a3a3eb47e84a,5,2022-05-30 13:44:07 UTC,2022-05-30 13:44:07 UTC
265cf2c5-37e4-452f-921e-517c1c866859,d2fd2991-a09e-47af-9eef-b10adbf2b591,6,2022-05-30 19:38:47 UTC,2022-05-30 19:38:47 UTC
26f20d37-484b-4022-9413-dc125b0e4803,0bd4decd-b3d9-4a5d-b526-0116610395ef,7,2022-05-30 19:39:21 UTC,2022-05-30 19:39:21 UTC
2769f4c3-bdd3-42d1-b7d9-3a60e63e0ed2,3aef37ac-f8d9-497e-a24a-b2086a8e6505,7,2022-05-30 19:38:29 UTC,2022-05-30 19:38:29 UTC
27bc6220-8e1e-4224-87d2-6ea06ceaca7b,3b641bcd-5661-46e1-a92f-106457152c0f,4,2022-05-30 19:38:46 UTC,2022-05-30 19:38:46 UTC
27efb141-135f-4554-90ca-7c46d605be34,0306b14a-269c-477c-b25b-982017617535,4,2022-05-30 19:39:21 UTC,2022-05-30 19:39:21 UTC
28770d73-5802-4ad4-9750-2579e79deef4,49e732b0-8a23-4965-b6fc-c056f4d99182,7,2022-05-30 19:03:24 UTC,2022-05-30 19:03:24 UTC
28a3e2c0-3869-4b77-ae47-3c840a6e0f7d,0306b14a-269c-477c-b25b-982017617535,7,2022-05-30 19:39:21 UTC,2022-05-30 19:39:21 UTC
28ff20d7-80d3-4e3b-ba7d-e4214f5b6f14,4091cae2-1263-4d5b-83ac-001dea18027c,7,2022-05-30 19:39:51 UTC,2022-05-30 19:39:51 UTC
299db0e1-d70a-436a-9743-1a3b60254133,b756108e-2ce7-4a81-8622-ff342ad0397f,2,2022-05-30 19:37:10 UTC,2022-05-30 19:37:10 UTC
2bf7ff57-5709-4454-816b-cf50facfb6b8,ba760bac-a7c2-411a-9cab-f179cf662555,7,2022-05-30 19:39:06 UTC,2022-05-30 19:39:06 UTC
2c42052c-6846-423c-ab52-ffcce7808a1e,dbed426c-e15a-4b0d-90c3-71c98c0625b2,1,2022-05-30 19:39:06 UTC,2022-05-30 19:39:06 UTC
2c66b9b3-dc53-43e4-bdf0-e63386de7883,de320d05-b98d-4e72-b401-41fb288082f5,1,2022-05-30 19:39:51 UTC,2022-05-30 19:39:51 UTC
2cfd52f2-cbb1-49f2-a3e6-3f58f4682858,27b60c6d-66b0-45e4-8d07-2a8515f67419,6,2022-05-30 19:38:29 UTC,2022-05-30 19:38:29 UTC
2e5e157e-e9aa-48de-91b3-369750152343,fd57ff40-8b35-48d9-ad15-b21842dcaa40,7,2022-05-30 19:38:29 UTC,2022-05-30 19:38:29 UTC
2eab7589-9c85-439f-9959-61dd6b66b8e8,0e3ada64-f88d-40ef-9431-7edb65e0a947,5,2022-05-30 13:44:10 UTC,2022-05-30 13:44:10 UTC
2ed4a2fe-e925-4775-bea6-f55f4b87028d,c8b63f52-50e7-46af-a28e-9a76121ed298,3,2022-05-29 18:05:07 UTC,2022-05-29 18:05:07 UTC
2fa19f8f-4eff-46a1-b0fd-9da300957da2,d50bda53-b3a0-473f-b028-9cb0b25e14f6,3,2022-05-30 19:38:30 UTC,2022-05-30 19:38:30 UTC
30772c2e-074b-4861-acff-de0b75f26b05,4d013826-257d-402b-8365-094ffba63973,7,2022-05-30 13:44:03 UTC,2022-05-30 13:44:03 UTC
30ebabd5-f567-4df4-b2c1-e15c700e3084,8b90b142-c17c-4c12-b7be-82e24d90798e,4,2022-05-30 19:38:47 UTC,2022-05-30 19:38:47 UTC
319b87b8-8b81-4208-b423-8cf56bf938e5,eb208206-72b9-4dc9-ad31-e2f5c56258f3,4,2022-05-30 19:38:47 UTC,2022-05-30 19:38:47 UTC
31e8f912-fcec-4b95-90e7-d4d78cc1cbd9,44256b9d-2f69-4753-ae43-f43929cf2fbb,2,2022-05-30 19:38:08 UTC,2022-05-30 19:38:08 UTC
323f88db-5398-4c57-bd03-ac2f678f042a,3aef37ac-f8d9-497e-a24a-b2086a8e6505,3,2022-05-30 19:38:29 UTC,2022-05-30 19:38:29 UTC
336086c8-4e08-4543-9e08-b890fe9cc016,f5906f0e-e11f-4049-bf9a-89ae16e7da23,7,2022-05-30 19:41:24 UTC,2022-05-30 19:41:24 UTC
3569cc42-6b0c-4f1c-bdbe-6f2999fcf8b3,de320d05-b98d-4e72-b401-41fb288082f5,7,2022-05-30 19:39:51 UTC,2022-05-30 19:39:51 UTC
3635a5aa-2ef8-44ab-ae61-496310a14693,5e9abc05-4d2f-494e-ae7f-72dadba2cce1,7,2022-05-30 19:38:08 UTC,2022-05-30 19:38:08 UTC
36d4fcfa-d589-4ad1-a085-13f17090554f,fd57ff40-8b35-48d9-ad15-b21842dcaa40,4,2022-05-30 19:38:29 UTC,2022-05-30 19:38:29 UTC
370b9d4d-1ef4-42b3-b680-09cfa1ca53ac,4d013826-257d-402b-8365-094ffba63973,3,2022-05-30 13:44:03 UTC,2022-05-30 13:44:03 UTC
370c2882-2b6b-4d70-a9a8-29b51c66dc30,eba5b55d-f24e-4ff6-813d-63ffc5ff276e,2,2022-05-30 19:39:39 UTC,2022-05-30 19:39:39 UTC
38b9b33d-df25-400d-9193-c3732a6a7064,0bd4decd-b3d9-4a5d-b526-0116610395ef,5,2022-05-30 19:39:21 UTC,2022-05-30 19:39:21 UTC
392d31c4-5d0e-4f73-ac15-ac49c87e1caa,81cda8d1-2635-45f4-8a12-2f78e5a55723,3,2022-05-30 19:39:21 UTC,2022-05-30 19:39:21 UTC
393b4cb1-f975-43c1-934e-d55c19631ff8,49e732b0-8a23-4965-b6fc-c056f4d99182,1,2022-05-30 19:03:24 UTC,2022-05-30 19:03:24 UTC
3967056a-df28-4026-98ef-4bd99abf5a4e,319e7a04-d43d-433f-a6ff-043c34688e15,7,2022-05-30 13:44:13 UTC,2022-05-30 13:44:13 UTC
3a379c43-af46-4cd3-a0d7-5158152e6b47,803805da-61bb-437a-b3b8-27504521c060,7,2022-05-30 19:39:22 UTC,2022-05-30 19:39:22 UTC
3a57a333-e304-4336-946e-0f6a987ac20e,55a7f473-5bb9-4592-87d3-507b85e2f677,3,2022-05-30 19:39:38 UTC,2022-05-30 19:39:38 UTC
3b021924-c5b5-4925-b2e3-2292eb48fff3,b65d7859-5b9a-4708-9921-fe9a13ee488a,3,2022-05-30 19:39:07 UTC,2022-05-30 19:39:07 UTC
3b40ae66-1fb8-4500-a5cf-2577b5c02bf2,a6048a6b-6081-451b-b3a1-160cc8757640,1,2022-05-30 19:37:10 UTC,2022-05-30 19:37:10 UTC
3d85155c-95d1-460d-bc53-a01b56cf17b0,d88cf22a-7355-4faf-97fe-b9e3d54c348c,5,2022-05-30 19:03:24 UTC,2022-05-30 19:03:24 UTC
3dc67c17-7515-4895-b82d-91ec45140b3e,833877bc-7c74-4049-a0b6-9bcee0aa3df9,5,2022-05-30 19:37:10 UTC,2022-05-30 19:37:10 UTC
3e28e4c7-ceed-44ef-9f6b-50aa3d7868d5,3b4bee3d-ca5b-4a42-8ebd-88c791c374ca,5,2022-05-30 19:39:07 UTC,2022-05-30 19:39:07 UTC
3f11aeec-7e2b-4c53-802a-66672d7682db,467537c9-2cb2-4768-8b65-d6baac110578,5,2022-05-30 19:41:24 UTC,2022-05-30 19:41:24 UTC
3fabcaf4-8234-4537-bed1-61ab265f83bb,f3a03ea5-57cf-4ddc-8c62-3a8967fe027f,2,2022-05-29 02:50:02 UTC,2022-05-29 02:50:02 UTC
401374af-f696-4b2f-a2b6-f8c6b1e547db,8483ab6c-ee8d-443a-a72f-a470f53688ed,1,2022-05-30 19:39:51 UTC,2022-05-30 19:39:51 UTC
401615a6-d2c1-4550-9e41-dfae307df98b,587dfc7a-bc61-473a-b806-32d27e60c935,1,2022-05-30 19:39:51 UTC,2022-05-30 19:39:51 UTC
406baf49-f45e-4645-a749-455ca38637a5,7322ec55-f4f5-4986-b536-9a4a0278b4cc,5,2022-05-30 19:39:07 UTC,2022-05-30 19:39:07 UTC
40964692-7505-4f91-abc5-0c3401fb6277,0e3ada64-f88d-40ef-9431-7edb65e0a947,4,2022-05-30 13:44:10 UTC,2022-05-30 13:44:10 UTC
40b7e315-2fae-4b0e-a1fd-aa8c248e7014,df76c996-e90f-4529-98fc-4c169ad15231,6,2022-05-30 19:03:24 UTC,2022-05-30 19:03:24 UTC
427197ad-cb9d-4cd7-9fe7-233f60c761bf,d50bda53-b3a0-473f-b028-9cb0b25e14f6,2,2022-05-30 19:38:30 UTC,2022-05-30 19:38:30 UTC
433816c8-0f16-4484-80b5-6affa482b487,55a7f473-5bb9-4592-87d3-507b85e2f677,6,2022-05-30 19:39:38 UTC,2022-05-30 19:39:38 UTC
4367a2c8-182b-40ee-ba6a-090c9b4090f4,46904b36-140c-4871-aaf9-32fa45fef060,6,2022-05-30 19:38:08 UTC,2022-05-30 19:38:08 UTC
43b7f307-0904-432b-b66c-d213329e2862,73957c38-f7da-4f51-a9eb-8271340e6220,2,2022-05-30 13:43:15 UTC,2022-05-30 13:43:15 UTC
449a5739-12a8-46cd-9427-1139b17af75f,7322ec55-f4f5-4986-b536-9a4a0278b4cc,2,2022-05-30 19:39:07 UTC,2022-05-30 19:39:07 UTC
44f55797-c506-4db5-be7b-cd1fc0d21719,44256b9d-2f69-4753-ae43-f43929cf2fbb,5,2022-05-30 19:38:08 UTC,2022-05-30 19:38:08 UTC
45103aba-bb01-42fc-91f7-c0a1aaf8b922,f3a03ea5-57cf-4ddc-8c62-3a8967fe027f,1,2022-05-29 02:50:02 UTC,2022-05-29 02:50:02 UTC
4632c612-b74b-4a69-9bba-256ba3220839,3b4bee3d-ca5b-4a42-8ebd-88c791c374ca,4,2022-05-30 19:39:07 UTC,2022-05-30 19:39:07 UTC
465bb838-cfc9-4978-8738-9b6f5f55148a,8483ab6c-ee8d-443a-a72f-a470f53688ed,7,2022-05-30 19:39:51 UTC,2022-05-30 19:39:51 UTC
46608efd-6187-407a-ab3e-69131fc1e06e,587dfc7a-bc61-473a-b806-32d27e60c935,7,2022-05-30 19:39:51 UTC,2022-05-30 19:39:51 UTC
468d69fc-c72a-44c8-8683-561088097cf7,de320d05-b98d-4e72-b401-41fb288082f5,2,2022-05-30 19:39:51 UTC,2022-05-30 19:39:51 UTC
469e8bd8-e440-43b8-bbdd-c114ad0d3e2e,6ab645f0-17c7-4eb3-b229-7ff1ad602f64,2,2022-05-30 19:03:24 UTC,2022-05-30 19:03:24 UTC
47196f6c-6c98-4c99-803c-1fb8c3c7f4fe,0bd4decd-b3d9-4a5d-b526-0116610395ef,1,2022-05-30 19:39:21 UTC,2022-05-30 19:39:21 UTC
4727af18-f7fc-4a78-bac7-dee14d073646,0934edd4-a4ba-44d4-ada0-8b4b905a9e53,1,2022-05-30 19:37:10 UTC,2022-05-30 19:37:10 UTC
47291586-42e9-444f-a49c-dfaa6cf1f0d4,15c20e0b-5fee-48d7-93f0-8884eae9d337,6,2022-05-30 01:52:10 UTC,2022-05-30 01:52:10 UTC
47a45360-1bec-4ffc-8423-1d51d51831d6,35b31feb-d733-4613-a53a-a3a3eb47e84a,7,2022-05-30 13:44:07 UTC,2022-05-30 13:44:07 UTC
48b043cb-9a53-47da-92d7-532c29550875,c8d5729d-25f5-4bef-b887-fb50dbb2d51e,4,2022-05-30 19:37:10 UTC,2022-05-30 19:37:10 UTC
4a88cc9d-8bde-410f-b508-9d60eda83681,eba5b55d-f24e-4ff6-813d-63ffc5ff276e,4,2022-05-30 19:39:39 UTC,2022-05-30 19:39:39 UTC
4b81f5ff-7278-4abc-937d-5e394fedfeb5,3b4bee3d-ca5b-4a42-8ebd-88c791c374ca,2,2022-05-30 19:39:07 UTC,2022-05-30 19:39:07 UTC
4c2b4229-6e43-4439-9a37-fd6351eed9b8,0bd4decd-b3d9-4a5d-b526-0116610395ef,2,2022-05-30 19:39:21 UTC,2022-05-30 19:39:21 UTC
4c8e7f1a-c6fd-4669-9817-7da8fbabc607,50568245-b973-4f67-88cb-9cb980c82956,5,2022-05-30 19:38:08 UTC,2022-05-30 19:38:08 UTC
4d34f7dd-14bd-4d89-929c-df67f602a1d3,f5906f0e-e11f-4049-bf9a-89ae16e7da23,6,2022-05-30 19:41:24 UTC,2022-05-30 19:41:24 UTC
4d8341ab-4e98-4c05-9555-1abab4d370ca,319e7a04-d43d-433f-a6ff-043c34688e15,5,2022-05-30 13:44:13 UTC,2022-05-30 13:44:13 UTC
4d8dde8a-b3e5-4a16-96dd-83821f49b37e,2229938f-d806-4f98-9605-194b9a6c2f71,7,2022-05-30 13:06:40 UTC,2022-05-30 13:06:40 UTC
4e7e79ac-d705-4b30-b0db-152d9746cd88,de320d05-b98d-4e72-b401-41fb288082f5,4,2022-05-30 19:39:51 UTC,2022-05-30 19:39:51 UTC
4ee7b59a-99b9-42d6-b717-cbee81dcf866,c8b63f52-50e7-46af-a28e-9a76121ed298,6,2022-05-29 18:05:07 UTC,2022-05-29 18:05:07 UTC
4f715c6c-9ff9-4897-bfb1-ef7457a156a2,f7417338-5cba-4c12-b19d-a9cc31dc05d4,6,2022-05-30 19:39:52 UTC,2022-05-30 19:39:52 UTC
4fedcd0f-70a8-414f-bf8e-0ebffa24384a,1154d458-ed1d-464b-8b7a-aa4ace71f79d,2,2022-05-30 13:06:45 UTC,2022-05-30 13:06:45 UTC
509ba3f2-eac5-46bb-9663-6eae3558192a,dbed426c-e15a-4b0d-90c3-71c98c0625b2,4,2022-05-30 19:39:06 UTC,2022-05-30 19:39:06 UTC
50b1f35a-0412-4e50-a4fe-3684cdb33787,82e14869-a8e1-4495-b17f-2ec6a43f782f,2,2022-05-30 19:41:23 UTC,2022-05-30 19:41:23 UTC
53192668-b517-4110-8919-322aaf88c934,15c20e0b-5fee-48d7-93f0-8884eae9d337,7,2022-05-30 01:52:10 UTC,2022-05-30 01:52:10 UTC
531b1340-6117-4bd0-9a76-ce5b3788601a,55a7f473-5bb9-4592-87d3-507b85e2f677,4,2022-05-30 19:39:38 UTC,2022-05-30 19:39:38 UTC
540b57fb-e1cd-4780-8a2f-15ea4a18aa8f,50568245-b973-4f67-88cb-9cb980c82956,2,2022-05-30 19:38:08 UTC,2022-05-30 19:38:08 UTC
5658e8d2-125c-4d29-ab0b-314cd02e666d,82e14869-a8e1-4495-b17f-2ec6a43f782f,5,2022-05-30 19:41:23 UTC,2022-05-30 19:41:23 UTC
56c29118-2e45-4e46-b8ab-b20b9bf11643,587dfc7a-bc61-473a-b806-32d27e60c935,2,2022-05-30 19:39:51 UTC,2022-05-30 19:39:51 UTC
5806b3dd-39bc-4aa2-8a94-b1dadede0ca4,1154d458-ed1d-464b-8b7a-aa4ace71f79d,4,2022-05-30 13:06:45 UTC,2022-05-30 13:06:45 UTC
581f2a53-26e9-4dcd-a7e0-8a0b389930a3,eba5b55d-f24e-4ff6-813d-63ffc5ff276e,7,2022-05-30 19:39:39 UTC,2022-05-30 19:39:39 UTC
58629c75-a2a1-4aec-8008-8cc746bc9f44,803805da-61bb-437a-b3b8-27504521c060,6,2022-05-30 19:39:22 UTC,2022-05-30 19:39:22 UTC
58e4e7b9-9a26-4c2f-be1d-079d5aebc32b,44256b9d-2f69-4753-ae43-f43929cf2fbb,3,2022-05-30 19:38:08 UTC,2022-05-30 19:38:08 UTC
5a426def-3859-46a6-a57a-8556fe0d45eb,319e7a04-d43d-433f-a6ff-043c34688e15,4,2022-05-30 13:44:13 UTC,2022-05-30 13:44:13 UTC
5bad2ac0-7e38-4e4a-96f8-64120333f00e,8483ab6c-ee8d-443a-a72f-a470f53688ed,2,2022-05-30 19:39:51 UTC,2022-05-30 19:39:51 UTC
5bad448a-6316-4bd9-b2cd-629cba4c50f4,ba760bac-a7c2-411a-9cab-f179cf662555,4,2022-05-30 19:39:06 UTC,2022-05-30 19:39:06 UTC
5c951f97-9651-486e-afcd-502316463b53,c8b63f52-50e7-46af-a28e-9a76121ed298,1,2022-05-29 18:05:07 UTC,2022-05-29 18:05:07 UTC
5d50bde0-c16a-4367-bdc9-9a95c75638c4,f3352287-ac5c-40cc-a967-d7a6cb889786,5,2022-05-30 13:42:55 UTC,2022-05-30 13:42:55 UTC
5d6e0bf2-a919-4ae2-952c-8dcce941b1a4,0306b14a-269c-477c-b25b-982017617535,1,2022-05-30 19:39:21 UTC,2022-05-30 19:39:21 UTC
5e2603a3-bcaf-464e-a8d3-d258dcc64bb6,d88cf22a-7355-4faf-97fe-b9e3d54c348c,3,2022-05-30 19:03:24 UTC,2022-05-30 19:03:24 UTC
5e49e78f-6ec2-40b8-88bf-caa256f31855,c8d5729d-25f5-4bef-b887-fb50dbb2d51e,5,2022-05-30 19:37:10 UTC,2022-05-30 19:37:10 UTC
5e6f01d1-c3ad-4ef7-904d-0823ecabb417,f0746252-b89b-4e8d-bdf1-81613156fcbe,4,2022-05-30 19:03:24 UTC,2022-05-30 19:03:24 UTC
5edd7765-3c3d-405a-9dfc-dc9c82883ba5,f3a03ea5-57cf-4ddc-8c62-3a8967fe027f,5,2022-05-29 02:50:02 UTC,2022-05-29 02:50:02 UTC
5ef8b788-332e-4c51-ab71-bdb0c9265e8f,3b641bcd-5661-46e1-a92f-106457152c0f,7,2022-05-30 19:38:46 UTC,2022-05-30 19:38:46 UTC
6020ab4d-5451-4340-a531-72889848816e,e8e9fcfd-50cf-4695-bf57-7b4903f13955,1,2022-05-30 19:39:39 UTC,2022-05-30 19:39:39 UTC
603d293c-382f-4bce-a7da-4fb0717e2dca,f3352287-ac5c-40cc-a967-d7a6cb889786,7,2022-05-30 13:42:56 UTC,2022-05-30 13:42:56 UTC
60845377-ff68-4cec-a36e-c451b35d3637,1154d458-ed1d-464b-8b7a-aa4ace71f79d,6,2022-05-30 13:06:45 UTC,2022-05-30 13:06:45 UTC
60b2f3d5-0ee2-4eca-bc61-bab02dc5907a,73957c38-f7da-4f51-a9eb-8271340e6220,1,2022-05-30 13:43:15 UTC,2022-05-30 13:43:15 UTC
62084bd0-da00-4b82-a5cf-51434834e660,35b31feb-d733-4613-a53a-a3a3eb47e84a,2,2022-05-30 13:44:07 UTC,2022-05-30 13:44:07 UTC
623b8f87-0fa7-4109-a3fa-3c3abd12f864,3b4bee3d-ca5b-4a42-8ebd-88c791c374ca,1,2022-05-30 19:39:07 UTC,2022-05-30 19:39:07 UTC
62d85ae1-4f0a-4f24-9160-87e2a755a898,587dfc7a-bc61-473a-b806-32d27e60c935,5,2022-05-30 19:39:51 UTC,2022-05-30 19:39:51 UTC
63a8f05f-bd7e-41fc-9881-428ddf71ce20,356ad568-b7d0-4ece-894c-fa4d042cb3fa,3,2022-05-30 13:43:20 UTC,2022-05-30 13:43:20 UTC
64244dc1-23df-4023-ba2d-e08a93a18437,4091cae2-1263-4d5b-83ac-001dea18027c,3,2022-05-30 19:39:51 UTC,2022-05-30 19:39:51 UTC
64f0a290-9480-42f5-80ad-95a8566d2820,d50bda53-b3a0-473f-b028-9cb0b25e14f6,5,2022-05-30 19:38:30 UTC,2022-05-30 19:38:30 UTC
65f2141e-724b-44bd-9611-6028c4903af6,5e9abc05-4d2f-494e-ae7f-72dadba2cce1,3,2022-05-30 19:38:08 UTC,2022-05-30 19:38:08 UTC
666b06e9-cc83-4daa-81ba-eb5d47a9c722,b779b157-36f9-42ad-9ac4-da191b37524a,5,2022-05-30 19:39:38 UTC,2022-05-30 19:39:38 UTC
66aa644f-caeb-458c-9f16-558a604f6f2e,de320d05-b98d-4e72-b401-41fb288082f5,3,2022-05-30 19:39:51 UTC,2022-05-30 19:39:51 UTC
66fd364e-1a04-46d1-85ce-e120206860d8,6ab645f0-17c7-4eb3-b229-7ff1ad602f64,4,2022-05-30 19:03:24 UTC,2022-05-30 19:03:24 UTC
6733def8-c706-4510-9eb0-c2299f53f478,81cda8d1-2635-45f4-8a12-2f78e5a55723,1,2022-05-30 19:39:21 UTC,2022-05-30 19:39:21 UTC
67e78ad9-806d-4102-84ec-d2134539839f,6046b9c1-9ce2-48b1-ad68-40767e85bc8b,2,2022-05-30 19:39:21 UTC,2022-05-30 19:39:21 UTC
6910a2fe-d07b-4ea0-bbca-eb2d8de42005,467537c9-2cb2-4768-8b65-d6baac110578,7,2022-05-30 19:41:24 UTC,2022-05-30 19:41:24 UTC
694246ab-8ab4-4333-9780-86951e216af9,1154d458-ed1d-464b-8b7a-aa4ace71f79d,3,2022-05-30 13:06:45 UTC,2022-05-30 13:06:45 UTC
69b53db2-55e0-4354-9f05-6f9b6d418e11,ba760bac-a7c2-411a-9cab-f179cf662555,5,2022-05-30 19:39:06 UTC,2022-05-30 19:39:06 UTC
6b5ba847-8be8-4b04-9c32-394e56f51fab,c8b63f52-50e7-46af-a28e-9a76121ed298,7,2022-05-29 18:05:07 UTC,2022-05-29 18:05:07 UTC
6b701082-3253-4588-a09c-e9a3900413e5,dbed426c-e15a-4b0d-90c3-71c98c0625b2,2,2022-05-30 19:39:06 UTC,2022-05-30 19:39:06 UTC
6c0efa45-fd82-4f54-966f-d4645ce46389,a6048a6b-6081-451b-b3a1-160cc8757640,6,2022-05-30 19:37:10 UTC,2022-05-30 19:37:10 UTC
6c6c37e6-b645-412c-905b-a8a1b1b76d10,d2fd2991-a09e-47af-9eef-b10adbf2b591,4,2022-05-30 19:38:47 UTC,2022-05-30 19:38:47 UTC
6cdfb63d-a986-4286-b257-3970838d87b9,f3352287-ac5c-40cc-a967-d7a6cb889786,2,2022-05-30 13:42:55 UTC,2022-05-30 13:42:55 UTC
6e27a8e3-39e3-43c2-b474-6cd2143c991a,0934edd4-a4ba-44d4-ada0-8b4b905a9e53,5,2022-05-30 19:37:10 UTC,2022-05-30 19:37:10 UTC
6e5f8fbb-62db-453c-9fcc-1c3e11c0906a,b65d7859-5b9a-4708-9921-fe9a13ee488a,2,2022-05-30 19:39:07 UTC,2022-05-30 19:39:07 UTC
6e8ea99e-7c1f-4c5f-b112-6a8f01c41429,f3352287-ac5c-40cc-a967-d7a6cb889786,4,2022-05-30 13:42:55 UTC,2022-05-30 13:42:55 UTC
6ebd7149-ad2d-43bb-8648-562d28324e3e,d8c83c90-2609-49a7-b5d2-92922e2ab617,6,2022-05-30 19:38:47 UTC,2022-05-30 19:38:47 UTC
6f072a82-b0c2-4201-a6fe-a934055e9f70,587dfc7a-bc61-473a-b806-32d27e60c935,4,2022-05-30 19:39:51 UTC,2022-05-30 19:39:51 UTC
6f837b9f-f1d4-487c-a83e-111fe583ef8c,8483ab6c-ee8d-443a-a72f-a470f53688ed,6,2022-05-30 19:39:51 UTC,2022-05-30 19:39:51 UTC
6ffdf173-70b6-439e-bdb1-558253e5b684,0934edd4-a4ba-44d4-ada0-8b4b905a9e53,4,2022-05-30 19:37:10 UTC,2022-05-30 19:37:10 UTC
7148f77f-7c86-4af5-ad0c-bdc5e3f21c82,50568245-b973-4f67-88cb-9cb980c82956,4,2022-05-30 19:38:08 UTC,2022-05-30 19:38:08 UTC
7292f46a-fc22-4e2d-8eb0-24463508b842,a5d7e175-d45e-4d18-ab78-089b6fc720ba,5,2022-05-30 19:39:39 UTC,2022-05-30 19:39:39 UTC
74203c05-c79f-4c03-9501-78d4667ddfbf,81cda8d1-2635-45f4-8a12-2f78e5a55723,7,2022-05-30 19:39:21 UTC,2022-05-30 19:39:21 UTC
746c8f81-d939-4930-8974-eab186b4624d,d8c83c90-2609-49a7-b5d2-92922e2ab617,1,2022-05-30 19:38:47 UTC,2022-05-30 19:38:47 UTC
74e27f48-1daa-47eb-a4a6-f781ac11e935,50568245-b973-4f67-88cb-9cb980c82956,7,2022-05-30 19:38:08 UTC,2022-05-30 19:38:08 UTC
75872344-e2f2-4aed-8226-d3f6b9fc4fa9,44256b9d-2f69-4753-ae43-f43929cf2fbb,4,2022-05-30 19:38:08 UTC,2022-05-30 19:38:08 UTC
75c47372-b4ee-42f4-a0e7-bb5e757922e2,d50bda53-b3a0-473f-b028-9cb0b25e14f6,4,2022-05-30 19:38:30 UTC,2022-05-30 19:38:30 UTC
771ef654-b1c5-46a0-8313-9917985f9279,b16e9ec8-9602-4fb9-acab-df52a366d05e,6,2022-05-30 19:38:08 UTC,2022-05-30 19:38:08 UTC
77f9a675-0105-4da2-bc10-b7511c41bf31,35b31feb-d733-4613-a53a-a3a3eb47e84a,6,2022-05-30 13:44:07 UTC,2022-05-30 13:44:07 UTC
790d9fa1-aa8d-42c5-b259-e4bf035600cb,4d013826-257d-402b-8365-094ffba63973,6,2022-05-30 13:44:03 UTC,2022-05-30 13:44:03 UTC
7a61a06c-5cc0-49ba-a2c9-4303968700c8,587dfc7a-bc61-473a-b806-32d27e60c935,6,2022-05-30 19:39:51 UTC,2022-05-30 19:39:51 UTC
7a79a378-6955-4a2b-92c0-dc19180511be,b16e9ec8-9602-4fb9-acab-df52a366d05e,1,2022-05-30 19:38:08 UTC,2022-05-30 19:38:08 UTC
7ab28000-2b09-4d22-8b65-163053c705b7,df76c996-e90f-4529-98fc-4c169ad15231,1,2022-05-30 19:03:24 UTC,2022-05-30 19:03:24 UTC
7af65de3-db4b-40df-bd72-ca4c61549fe0,d88cf22a-7355-4faf-97fe-b9e3d54c348c,4,2022-05-30 19:03:24 UTC,2022-05-30 19:03:24 UTC
7c287f1e-9960-4e57-873c-3fdc4cd35897,833877bc-7c74-4049-a0b6-9bcee0aa3df9,2,2022-05-30 19:37:10 UTC,2022-05-30 19:37:10 UTC
7ca743fb-a6a7-47ae-8c06-d7a3a1bb3ddf,8b90b142-c17c-4c12-b7be-82e24d90798e,6,2022-05-30 19:38:47 UTC,2022-05-30 19:38:47 UTC
7cd45998-cdf9-40ef-870b-92133724f08e,3aef37ac-f8d9-497e-a24a-b2086a8e6505,4,2022-05-30 19:38:29 UTC,2022-05-30 19:38:29 UTC
7dc28485-1e5a-4f6c-b890-49204863c4f7,b756108e-2ce7-4a81-8622-ff342ad0397f,1,2022-05-30 19:37:10 UTC,2022-05-30 19:37:10 UTC
7e15ad3f-ca53-47f7-a774-13fbb5821858,f0746252-b89b-4e8d-bdf1-81613156fcbe,6,2022-05-30 19:03:24 UTC,2022-05-30 19:03:24 UTC
7f3a5c2c-b483-42e7-85de-610f1b87b1fe,de320d05-b98d-4e72-b401-41fb288082f5,6,2022-05-30 19:39:51 UTC,2022-05-30 19:39:51 UTC
802a9785-2e96-448f-a59b-4f36d07c8855,44256b9d-2f69-4753-ae43-f43929cf2fbb,7,2022-05-30 19:38:08 UTC,2022-05-30 19:38:08 UTC
80584833-f499-4614-87c2-6b802728c22a,0934edd4-a4ba-44d4-ada0-8b4b905a9e53,2,2022-05-30 19:37:10 UTC,2022-05-30 19:37:10 UTC
80f24189-7d65-468e-b632-d5e9d355b808,0934edd4-a4ba-44d4-ada0-8b4b905a9e53,3,2022-05-30 19:37:10 UTC,2022-05-30 19:37:10 UTC
81d767a3-0cfe-4041-a8ef-cd4742a868f1,d88cf22a-7355-4faf-97fe-b9e3d54c348c,7,2022-05-30 19:03:24 UTC,2022-05-30 19:03:24 UTC
82191f14-25ac-43ab-ae4c-084c394d5b77,833877bc-7c74-4049-a0b6-9bcee0aa3df9,3,2022-05-30 19:37:10 UTC,2022-05-30 19:37:10 UTC
8223c8c3-9cca-420b-a485-71731687ff35,27b60c6d-66b0-45e4-8d07-2a8515f67419,7,2022-05-30 19:38:30 UTC,2022-05-30 19:38:30 UTC
82b1057a-1bfb-43f0-8199-58d8745c178b,f0746252-b89b-4e8d-bdf1-81613156fcbe,1,2022-05-30 19:03:24 UTC,2022-05-30 19:03:24 UTC
83373349-3ed6-4f55-830c-632e905bc2fc,2229938f-d806-4f98-9605-194b9a6c2f71,6,2022-05-30 13:06:40 UTC,2022-05-30 13:06:40 UTC
864a3331-821f-46b4-abdc-092452d057c6,49e732b0-8a23-4965-b6fc-c056f4d99182,4,2022-05-30 19:03:24 UTC,2022-05-30 19:03:24 UTC
87ec5ab3-e758-45ac-984f-75315d0808c5,a6048a6b-6081-451b-b3a1-160cc8757640,4,2022-05-30 19:37:10 UTC,2022-05-30 19:37:10 UTC
8821e13b-c8db-4464-85eb-5c7fcaf6fa11,8b90b142-c17c-4c12-b7be-82e24d90798e,1,2022-05-30 19:38:47 UTC,2022-05-30 19:38:47 UTC
887b22a3-58cf-4a29-abd0-e2a2acf205c7,d2fd2991-a09e-47af-9eef-b10adbf2b591,3,2022-05-30 19:38:47 UTC,2022-05-30 19:38:47 UTC
888a8582-9d8a-4e0a-ae5a-b944744125e2,2229938f-d806-4f98-9605-194b9a6c2f71,3,2022-05-30 13:06:40 UTC,2022-05-30 13:06:40 UTC
88c7bb1b-5ec0-423b-bb77-2d1ca994da05,f7417338-5cba-4c12-b19d-a9cc31dc05d4,7,2022-05-30 19:39:52 UTC,2022-05-30 19:39:52 UTC
892964ea-0ba4-42fa-bc4b-3a1ad6f0ca2a,803805da-61bb-437a-b3b8-27504521c060,5,2022-05-30 19:39:22 UTC,2022-05-30 19:39:22 UTC
89c80534-3972-4ffc-be68-a7ae9cf0ab52,8b90b142-c17c-4c12-b7be-82e24d90798e,5,2022-05-30 19:38:47 UTC,2022-05-30 19:38:47 UTC
8abe9514-1a71-4794-a146-13f2ff8f7757,c8d5729d-25f5-4bef-b887-fb50dbb2d51e,1,2022-05-30 19:37:10 UTC,2022-05-30 19:37:10 UTC
8b74b029-77ae-414a-94e6-97a81ec156e3,eba5b55d-f24e-4ff6-813d-63ffc5ff276e,6,2022-05-30 19:39:39 UTC,2022-05-30 19:39:39 UTC
8c0e85e6-b2de-4907-9d29-a58b00bb5af3,46904b36-140c-4871-aaf9-32fa45fef060,4,2022-05-30 19:38:08 UTC,2022-05-30 19:38:08 UTC
8d4dedf7-7897-4a47-88f2-8e7d00bce9d8,f0746252-b89b-4e8d-bdf1-81613156fcbe,3,2022-05-30 19:03:24 UTC,2022-05-30 19:03:24 UTC
8d6c42cd-f395-4299-bc69-36a696448e8f,44256b9d-2f69-4753-ae43-f43929cf2fbb,6,2022-05-30 19:38:08 UTC,2022-05-30 19:38:08 UTC
8d9209d5-6e7e-4c9b-937a-9eec3799f867,e8e9fcfd-50cf-4695-bf57-7b4903f13955,2,2022-05-30 19:39:39 UTC,2022-05-30 19:39:39 UTC
8e15551a-5511-4876-8c7a-3bf7c8e2583d,319e7a04-d43d-433f-a6ff-043c34688e15,1,2022-05-30 13:44:13 UTC,2022-05-30 13:44:13 UTC
8e771be4-9994-402a-aebe-9c3be216547b,3b641bcd-5661-46e1-a92f-106457152c0f,6,2022-05-30 19:38:46 UTC,2022-05-30 19:38:46 UTC
8e7b8224-36a1-484a-984d-bbfdb68c8c64,319e7a04-d43d-433f-a6ff-043c34688e15,6,2022-05-30 13:44:13 UTC,2022-05-30 13:44:13 UTC
8eb2447d-54c5-4e1f-bc8b-3d552bbf22f7,f3352287-ac5c-40cc-a967-d7a6cb889786,3,2022-05-30 13:42:55 UTC,2022-05-30 13:42:55 UTC
8f023788-5f13-4aa7-940b-13812c73baa2,b779b157-36f9-42ad-9ac4-da191b37524a,2,2022-05-30 19:39:38 UTC,2022-05-30 19:39:38 UTC
8f118ace-a01e-4814-87f9-d13e5584049b,6ab645f0-17c7-4eb3-b229-7ff1ad602f64,5,2022-05-30 19:03:24 UTC,2022-05-30 19:03:24 UTC
9004c68c-fac3-4234-b8fb-c2c94e6dc32c,eb208206-72b9-4dc9-ad31-e2f5c56258f3,6,2022-05-30 19:38:47 UTC,2022-05-30 19:38:47 UTC
905586e2-2c88-49b6-b91b-6c3fb9b167d9,c8d5729d-25f5-4bef-b887-fb50dbb2d51e,7,2022-05-30 19:37:10 UTC,2022-05-30 19:37:10 UTC
91bed2fb-0e27-49f7-a8dc-84d28cd33270,46904b36-140c-4871-aaf9-32fa45fef060,1,2022-05-30 19:38:08 UTC,2022-05-30 19:38:08 UTC
922fdd89-3669-4051-931d-1f0b9a20f351,eb208206-72b9-4dc9-ad31-e2f5c56258f3,1,2022-05-30 19:38:47 UTC,2022-05-30 19:38:47 UTC
93ad0628-7c1a-455e-8b62-861e0c724dba,55a7f473-5bb9-4592-87d3-507b85e2f677,1,2022-05-30 19:39:38 UTC,2022-05-30 19:39:38 UTC
93b3b1a4-ba90-4b65-b87b-72b976735a3c,9d64e291-0648-4c92-bc97-f0fb38c78957,5,2022-05-30 19:38:30 UTC,2022-05-30 19:38:30 UTC
94af2eb2-9339-4e46-b141-fc645710a90a,8b90b142-c17c-4c12-b7be-82e24d90798e,3,2022-05-30 19:38:47 UTC,2022-05-30 19:38:47 UTC
9933fdc1-11c3-48f9-86c4-a73051b64dff,6046b9c1-9ce2-48b1-ad68-40767e85bc8b,1,2022-05-30 19:39:21 UTC,2022-05-30 19:39:21 UTC
9955c643-c065-491c-baee-9378b305ce49,9d64e291-0648-4c92-bc97-f0fb38c78957,4,2022-05-30 19:38:30 UTC,2022-05-30 19:38:30 UTC
99cef433-5772-4bfa-9f98-c20d1da800ac,467537c9-2cb2-4768-8b65-d6baac110578,6,2022-05-30 19:41:24 UTC,2022-05-30 19:41:24 UTC
9a069041-8e86-41e4-aa51-dfda7a611951,82e14869-a8e1-4495-b17f-2ec6a43f782f,6,2022-05-30 19:41:23 UTC,2022-05-30 19:41:23 UTC
9cb79364-84b3-4002-b0e7-9f3b516f80f1,b16e9ec8-9602-4fb9-acab-df52a366d05e,4,2022-05-30 19:38:08 UTC,2022-05-30 19:38:08 UTC
9cc0cf6d-b785-49ec-b28a-b7a5aa483d11,b65d7859-5b9a-4708-9921-fe9a13ee488a,1,2022-05-30 19:39:07 UTC,2022-05-30 19:39:07 UTC
9d2fad1e-280e-4987-a4e2-ade762cccccf,f3a03ea5-57cf-4ddc-8c62-3a8967fe027f,4,2022-05-29 02:50:02 UTC,2022-05-29 02:50:02 UTC
9d7e2526-62fa-4c1d-ba8a-cb3eae94bdc4,4091cae2-1263-4d5b-83ac-001dea18027c,6,2022-05-30 19:39:51 UTC,2022-05-30 19:39:51 UTC
9dd43490-33bf-4cb4-8eb8-18486e5d109d,467537c9-2cb2-4768-8b65-d6baac110578,2,2022-05-30 19:41:24 UTC,2022-05-30 19:41:24 UTC
9df3459b-7d7d-4cac-b360-d9928b7672fb,3b641bcd-5661-46e1-a92f-106457152c0f,1,2022-05-30 19:38:46 UTC,2022-05-30 19:38:46 UTC
9e73b4c0-2598-4f37-9aa4-b5095f4e4529,a6048a6b-6081-451b-b3a1-160cc8757640,7,2022-05-30 19:37:10 UTC,2022-05-30 19:37:10 UTC
9e879078-c6fa-4ad6-9c28-a355d1578f6f,6ab645f0-17c7-4eb3-b229-7ff1ad602f64,6,2022-05-30 19:03:24 UTC,2022-05-30 19:03:24 UTC
9f00a751-af2e-4c28-87ce-a6afcd6a74e3,82e14869-a8e1-4495-b17f-2ec6a43f782f,3,2022-05-30 19:41:23 UTC,2022-05-30 19:41:23 UTC
9f46c125-9ac0-4f83-a822-e0fad44a4e52,fd57ff40-8b35-48d9-ad15-b21842dcaa40,1,2022-05-30 19:38:29 UTC,2022-05-30 19:38:29 UTC
9fab44a3-f564-4a3f-baac-e665a525afa1,803805da-61bb-437a-b3b8-27504521c060,1,2022-05-30 19:39:22 UTC,2022-05-30 19:39:22 UTC
a032f55a-0baa-438d-bc20-d971b2596e8f,15c20e0b-5fee-48d7-93f0-8884eae9d337,3,2022-05-30 01:52:10 UTC,2022-05-30 01:52:10 UTC
a061e358-c79e-47ce-a20c-62d4a8795543,a6048a6b-6081-451b-b3a1-160cc8757640,3,2022-05-30 19:37:10 UTC,2022-05-30 19:37:10 UTC
a0651f8b-dfa9-4af9-b889-9e6bb6f4be44,6ab645f0-17c7-4eb3-b229-7ff1ad602f64,1,2022-05-30 19:03:24 UTC,2022-05-30 19:03:24 UTC
a0dd0a18-e134-4ee5-8004-b9dfb3a5fef6,3b4bee3d-ca5b-4a42-8ebd-88c791c374ca,7,2022-05-30 19:39:07 UTC,2022-05-30 19:39:07 UTC
a1825fe2-8c61-4a43-b3b2-054b9805c51e,81cda8d1-2635-45f4-8a12-2f78e5a55723,4,2022-05-30 19:39:21 UTC,2022-05-30 19:39:21 UTC
a1b6a061-a4c2-4315-b6bb-dcf830d82147,df76c996-e90f-4529-98fc-4c169ad15231,5,2022-05-30 19:03:24 UTC,2022-05-30 19:03:24 UTC
a206be35-f932-4a85-b832-1fb9ead78c11,e8e9fcfd-50cf-4695-bf57-7b4903f13955,6,2022-05-30 19:39:39 UTC,2022-05-30 19:39:39 UTC
a2321f39-1777-4530-a0f0-8759e7630d15,8b90b142-c17c-4c12-b7be-82e24d90798e,2,2022-05-30 19:38:47 UTC,2022-05-30 19:38:47 UTC
a286ff50-4074-497c-ac42-104753bb142c,81cda8d1-2635-45f4-8a12-2f78e5a55723,6,2022-05-30 19:39:21 UTC,2022-05-30 19:39:21 UTC
a39dc0ac-2016-4a46-bafe-d685e75b7f11,49e732b0-8a23-4965-b6fc-c056f4d99182,5,2022-05-30 19:03:24 UTC,2022-05-30 19:03:24 UTC
a3c0fbea-50f6-4d55-9b16-88f1ab739f74,833877bc-7c74-4049-a0b6-9bcee0aa3df9,6,2022-05-30 19:37:10 UTC,2022-05-30 19:37:10 UTC
a3cdf37c-4963-48a9-be1e-1a8c438e4931,d8c83c90-2609-49a7-b5d2-92922e2ab617,5,2022-05-30 19:38:47 UTC,2022-05-30 19:38:47 UTC
a52b8253-d36b-43e4-87fe-c52404b96fd4,46904b36-140c-4871-aaf9-32fa45fef060,7,2022-05-30 19:38:08 UTC,2022-05-30 19:38:08 UTC
a5a12667-a3d7-429c-9315-faf2d9e0e087,6046b9c1-9ce2-48b1-ad68-40767e85bc8b,7,2022-05-30 19:39:21 UTC,2022-05-30 19:39:21 UTC
a6cd5eb6-754e-4910-a2bc-db4d493b992c,15c20e0b-5fee-48d7-93f0-8884eae9d337,4,2022-05-30 01:52:10 UTC,2022-05-30 01:52:10 UTC
a70ef51a-5685-484c-8196-a8e7274ff1cf,2229938f-d806-4f98-9605-194b9a6c2f71,2,2022-05-30 13:06:40 UTC,2022-05-30 13:06:40 UTC
a7222b5a-baaa-479b-a614-323caddf082b,b16e9ec8-9602-4fb9-acab-df52a366d05e,7,2022-05-30 19:38:08 UTC,2022-05-30 19:38:08 UTC
a8686800-5a99-49d0-a48a-7f89e568edd0,a5d7e175-d45e-4d18-ab78-089b6fc720ba,4,2022-05-30 19:39:39 UTC,2022-05-30 19:39:39 UTC
aac8478f-38a0-48b2-b807-afb7c6a1bd7c,5e9abc05-4d2f-494e-ae7f-72dadba2cce1,5,2022-05-30 19:38:08 UTC,2022-05-30 19:38:08 UTC
ac8e6698-d7d5-4637-8707-3feeaebcdc46,5e9abc05-4d2f-494e-ae7f-72dadba2cce1,1,2022-05-30 19:38:08 UTC,2022-05-30 19:38:08 UTC
ae681e86-c4c4-4801-9882-712d0ea9ddae,55a7f473-5bb9-4592-87d3-507b85e2f677,5,2022-05-30 19:39:38 UTC,2022-05-30 19:39:38 UTC
aeb25b9e-4fe5-4277-a010-01097eec16b5,3b641bcd-5661-46e1-a92f-106457152c0f,3,2022-05-30 19:38:46 UTC,2022-05-30 19:38:46 UTC
aed675b4-833b-4008-8a56-d52c14ffa9b5,50568245-b973-4f67-88cb-9cb980c82956,6,2022-05-30 19:38:08 UTC,2022-05-30 19:38:08 UTC
b0587a54-4442-49e9-846d-4f7401de1e09,2229938f-d806-4f98-9605-194b9a6c2f71,5,2022-05-30 13:06:40 UTC,2022-05-30 13:06:40 UTC
b0639804-62c7-4782-aa53-94fa61cde713,eb208206-72b9-4dc9-ad31-e2f5c56258f3,7,2022-05-30 19:38:47 UTC,2022-05-30 19:38:47 UTC
b0a302b9-0499-4585-8e6a-8981c70afcf5,73957c38-f7da-4f51-a9eb-8271340e6220,4,2022-05-30 13:43:15 UTC,2022-05-30 13:43:15 UTC
b12446b1-cf9f-4124-b9e6-bc8743eb1fb1,fd57ff40-8b35-48d9-ad15-b21842dcaa40,6,2022-05-30 19:38:29 UTC,2022-05-30 19:38:29 UTC
b24e76b6-cb7a-413b-905d-ab9e784bd522,de320d05-b98d-4e72-b401-41fb288082f5,5,2022-05-30 19:39:51 UTC,2022-05-30 19:39:51 UTC
b297fc84-9b09-41e3-bf99-846a70c8983d,4d013826-257d-402b-8365-094ffba63973,5,2022-05-30 13:44:03 UTC,2022-05-30 13:44:03 UTC
b34fe780-56dc-4aac-b047-38eb8e586c70,81cda8d1-2635-45f4-8a12-2f78e5a55723,2,2022-05-30 19:39:21 UTC,2022-05-30 19:39:21 UTC
b390ae09-32c1-4012-a2a2-05aca75b3437,27b60c6d-66b0-45e4-8d07-2a8515f67419,2,2022-05-30 19:38:29 UTC,2022-05-30 19:38:29 UTC
b39404fd-1cdf-414f-b56b-479bfba95748,0306b14a-269c-477c-b25b-982017617535,2,2022-05-30 19:39:21 UTC,2022-05-30 19:39:21 UTC
b44096d7-aec5-431f-b894-c0d69499b619,35b31feb-d733-4613-a53a-a3a3eb47e84a,4,2022-05-30 13:44:07 UTC,2022-05-30 13:44:07 UTC
b5ea3e80-2f8f-4697-bc3f-3001cf756c2f,dbed426c-e15a-4b0d-90c3-71c98c0625b2,3,2022-05-30 19:39:06 UTC,2022-05-30 19:39:06 UTC
b7bc9fe0-ddec-4a8a-951f-23b23a8c26bc,4091cae2-1263-4d5b-83ac-001dea18027c,1,2022-05-30 19:39:51 UTC,2022-05-30 19:39:51 UTC
b991b1a9-47aa-4903-8807-50f0e59d54a2,a5d7e175-d45e-4d18-ab78-089b6fc720ba,6,2022-05-30 19:39:39 UTC,2022-05-30 19:39:39 UTC
bc5df8bd-f69c-449d-bf5f-4ce971bfbefe,c8b63f52-50e7-46af-a28e-9a76121ed298,4,2022-05-29 18:05:07 UTC,2022-05-29 18:05:07 UTC
bc72a199-482a-4a98-8511-c7f123539906,b756108e-2ce7-4a81-8622-ff342ad0397f,6,2022-05-30 19:37:10 UTC,2022-05-30 19:37:10 UTC
bc8e72fc-f357-4641-9917-e78b72e5f26d,1154d458-ed1d-464b-8b7a-aa4ace71f79d,5,2022-05-30 13:06:45 UTC,2022-05-30 13:06:45 UTC
bca2849c-4dc6-4d0c-9bdf-7512b6d0c291,f5906f0e-e11f-4049-bf9a-89ae16e7da23,4,2022-05-30 19:41:24 UTC,2022-05-30 19:41:24 UTC
bcb611bc-c14c-4a74-9821-e84ac6aa14e0,4091cae2-1263-4d5b-83ac-001dea18027c,5,2022-05-30 19:39:51 UTC,2022-05-30 19:39:51 UTC
bd04165a-e2e0-4d7b-8d17-610d92a4ee5e,fd57ff40-8b35-48d9-ad15-b21842dcaa40,5,2022-05-30 19:38:29 UTC,2022-05-30 19:38:29 UTC
bd78bdfa-b23d-4baf-b3fc-668512131de3,d50bda53-b3a0-473f-b028-9cb0b25e14f6,1,2022-05-30 19:38:30 UTC,2022-05-30 19:38:30 UTC
bf2c4b85-4cbf-4b76-a766-a04f268dcdc3,9d64e291-0648-4c92-bc97-f0fb38c78957,6,2022-05-30 19:38:30 UTC,2022-05-30 19:38:30 UTC
bf355bc9-8e74-4feb-95c8-46b899fc2986,5e9abc05-4d2f-494e-ae7f-72dadba2cce1,6,2022-05-30 19:38:08 UTC,2022-05-30 19:38:08 UTC
bff20a23-08e2-4222-8c60-493293881cf8,ba760bac-a7c2-411a-9cab-f179cf662555,1,2022-05-30 19:39:06 UTC,2022-05-30 19:39:06 UTC
c0331523-d27b-49fb-b7fd-7e8c2a543fab,8483ab6c-ee8d-443a-a72f-a470f53688ed,5,2022-05-30 19:39:51 UTC,2022-05-30 19:39:51 UTC
c081097d-e6b2-4874-aecc-9c0ac2d057ec,0e3ada64-f88d-40ef-9431-7edb65e0a947,6,2022-05-30 13:44:10 UTC,2022-05-30 13:44:10 UTC
c099b5d9-231a-40b4-bab1-0a969d0710a2,b779b157-36f9-42ad-9ac4-da191b37524a,1,2022-05-30 19:39:38 UTC,2022-05-30 19:39:38 UTC
c166476e-a13c-4475-84bf-d9d9a29b4f87,49e732b0-8a23-4965-b6fc-c056f4d99182,3,2022-05-30 19:03:24 UTC,2022-05-30 19:03:24 UTC
c289a291-b3ae-4952-ad93-af97e0cb1b88,b65d7859-5b9a-4708-9921-fe9a13ee488a,7,2022-05-30 19:39:07 UTC,2022-05-30 19:39:07 UTC
c2a0915a-5208-4932-8215-cee3d873c713,50568245-b973-4f67-88cb-9cb980c82956,3,2022-05-30 19:38:08 UTC,2022-05-30 19:38:08 UTC
c3297914-9d25-43ef-8a99-7c08e7425989,b756108e-2ce7-4a81-8622-ff342ad0397f,5,2022-05-30 19:37:10 UTC,2022-05-30 19:37:10 UTC
c443a6f5-7ed6-4b85-8d5a-66bf901a6af3,d8c83c90-2609-49a7-b5d2-92922e2ab617,4,2022-05-30 19:38:47 UTC,2022-05-30 19:38:47 UTC
c46e985f-b626-48e7-acb1-d27536d96333,82e14869-a8e1-4495-b17f-2ec6a43f782f,1,2022-05-30 19:41:23 UTC,2022-05-30 19:41:23 UTC
c509ec1d-d7eb-4b55-9c86-c96d5220cb10,4d013826-257d-402b-8365-094ffba63973,1,2022-05-30 13:44:03 UTC,2022-05-30 13:44:03 UTC
c517be25-4105-467e-82c1-5858359b96cc,a5d7e175-d45e-4d18-ab78-089b6fc720ba,3,2022-05-30 19:39:39 UTC,2022-05-30 19:39:39 UTC
c7674061-8a5a-469c-9efa-16d38ba6e427,b65d7859-5b9a-4708-9921-fe9a13ee488a,5,2022-05-30 19:39:07 UTC,2022-05-30 19:39:07 UTC
c8275ed0-8eb4-438a-aa48-12ecc986dee6,f0746252-b89b-4e8d-bdf1-81613156fcbe,7,2022-05-30 19:03:24 UTC,2022-05-30 19:03:24 UTC
c829b5c8-4158-423d-b5fd-c686fac46d50,e8e9fcfd-50cf-4695-bf57-7b4903f13955,4,2022-05-30 19:39:39 UTC,2022-05-30 19:39:39 UTC
c8ea89f2-8f9d-4f97-b612-7cfa3d32062d,9d64e291-0648-4c92-bc97-f0fb38c78957,3,2022-05-30 19:38:30 UTC,2022-05-30 19:38:30 UTC
c91e6187-ab29-4133-8692-8ee89514c8da,319e7a04-d43d-433f-a6ff-043c34688e15,2,2022-05-30 13:44:13 UTC,2022-05-30 13:44:13 UTC
c9a22ba4-cdbb-40a6-8135-4c0a6f80f306,55a7f473-5bb9-4592-87d3-507b85e2f677,7,2022-05-30 19:39:38 UTC,2022-05-30 19:39:38 UTC
c9ead35b-bf45-4fd6-ae62-f30722b1b6bc,d88cf22a-7355-4faf-97fe-b9e3d54c348c,1,2022-05-30 19:03:24 UTC,2022-05-30 19:03:24 UTC
ca33959b-bca1-46ec-afbe-9d6ce0519427,82e14869-a8e1-4495-b17f-2ec6a43f782f,4,2022-05-30 19:41:23 UTC,2022-05-30 19:41:23 UTC
caad960f-9f15-496c-b598-dee031eb8375,b779b157-36f9-42ad-9ac4-da191b37524a,3,2022-05-30 19:39:38 UTC,2022-05-30 19:39:38 UTC
cb210d47-4a76-407f-b59d-27b3338e8883,a6048a6b-6081-451b-b3a1-160cc8757640,5,2022-05-30 19:37:10 UTC,2022-05-30 19:37:10 UTC
cb5ad5cc-1ebf-45c8-9dad-a6a215876129,356ad568-b7d0-4ece-894c-fa4d042cb3fa,6,2022-05-30 13:43:20 UTC,2022-05-30 13:43:20 UTC
cbb50d13-f032-43a1-8fad-91213f4d59c4,0e3ada64-f88d-40ef-9431-7edb65e0a947,3,2022-05-30 13:44:10 UTC,2022-05-30 13:44:10 UTC
cbe2b493-7724-47c9-97fa-7ca0f20778fe,b779b157-36f9-42ad-9ac4-da191b37524a,4,2022-05-30 19:39:38 UTC,2022-05-30 19:39:38 UTC
cc78383e-3b21-435d-8abe-57c960d6fe56,73957c38-f7da-4f51-a9eb-8271340e6220,6,2022-05-30 13:43:15 UTC,2022-05-30 13:43:15 UTC
cdc146c5-b7a5-400e-9534-e5b152339dfa,b756108e-2ce7-4a81-8622-ff342ad0397f,4,2022-05-30 19:37:10 UTC,2022-05-30 19:37:10 UTC
cdcd4fdc-ba1f-4b4d-af45-618d2ff077ed,b756108e-2ce7-4a81-8622-ff342ad0397f,3,2022-05-30 19:37:10 UTC,2022-05-30 19:37:10 UTC
cdd17aee-864c-426f-a50e-294b5184344a,df76c996-e90f-4529-98fc-4c169ad15231,7,2022-05-30 19:03:24 UTC,2022-05-30 19:03:24 UTC
cf2b6929-c794-4f0c-bf6c-d98fdc9aab20,0e3ada64-f88d-40ef-9431-7edb65e0a947,2,2022-05-30 13:44:10 UTC,2022-05-30 13:44:10 UTC
cf3ca5bc-2af8-4cf4-a210-bf5d3567d0c7,3b4bee3d-ca5b-4a42-8ebd-88c791c374ca,6,2022-05-30 19:39:07 UTC,2022-05-30 19:39:07 UTC
d0066116-eeec-457b-b122-1099b055de92,c8b63f52-50e7-46af-a28e-9a76121ed298,2,2022-05-29 18:05:07 UTC,2022-05-29 18:05:07 UTC
d079fd43-5b11-4a49-b212-109d05d13bac,3aef37ac-f8d9-497e-a24a-b2086a8e6505,5,2022-05-30 19:38:29 UTC,2022-05-30 19:38:29 UTC
d0df5f02-9c16-41df-97d5-004eedd9823a,f0746252-b89b-4e8d-bdf1-81613156fcbe,5,2022-05-30 19:03:24 UTC,2022-05-30 19:03:24 UTC
d28dd77c-5ab5-4414-936a-57c9741c5faf,4091cae2-1263-4d5b-83ac-001dea18027c,4,2022-05-30 19:39:51 UTC,2022-05-30 19:39:51 UTC
d2cca9af-436b-404c-a74d-301dabeac2f3,7322ec55-f4f5-4986-b536-9a4a0278b4cc,7,2022-05-30 19:39:07 UTC,2022-05-30 19:39:07 UTC
d4324785-6645-40c9-b774-cde1c2a9c865,0306b14a-269c-477c-b25b-982017617535,6,2022-05-30 19:39:21 UTC,2022-05-30 19:39:21 UTC
d446abc1-da73-401c-8c04-8729b8792d05,df76c996-e90f-4529-98fc-4c169ad15231,4,2022-05-30 19:03:24 UTC,2022-05-30 19:03:24 UTC
d5811915-19d9-45b1-ac62-e850e71be06a,0934edd4-a4ba-44d4-ada0-8b4b905a9e53,6,2022-05-30 19:37:10 UTC,2022-05-30 19:37:10 UTC
d584e416-234e-4055-8f11-8f31fd90eb0a,73957c38-f7da-4f51-a9eb-8271340e6220,3,2022-05-30 13:43:15 UTC,2022-05-30 13:43:15 UTC
d5cb43aa-e613-41ea-b4c6-f67917c2628d,2229938f-d806-4f98-9605-194b9a6c2f71,1,2022-05-30 13:06:40 UTC,2022-05-30 13:06:40 UTC
d5e331a5-56b6-4087-b0ec-3ff822daa692,ba760bac-a7c2-411a-9cab-f179cf662555,3,2022-05-30 19:39:06 UTC,2022-05-30 19:39:06 UTC
d60b0489-1c3b-4d16-9c1b-29d236ac35d7,4d013826-257d-402b-8365-094ffba63973,2,2022-05-30 13:44:03 UTC,2022-05-30 13:44:03 UTC
d65b1b42-69b8-4d89-a769-e92f1b848c9d,d8c83c90-2609-49a7-b5d2-92922e2ab617,7,2022-05-30 19:38:47 UTC,2022-05-30 19:38:47 UTC
d74a81cc-d3fe-4122-8200-2faec0bef3a0,c8d5729d-25f5-4bef-b887-fb50dbb2d51e,6,2022-05-30 19:37:10 UTC,2022-05-30 19:37:10 UTC
d7adbf1e-bc0b-45d3-8e4e-2faa729fb357,0bd4decd-b3d9-4a5d-b526-0116610395ef,4,2022-05-30 19:39:21 UTC,2022-05-30 19:39:21 UTC
d81d48bc-d3ab-4ecb-bedd-93a00d9fa29e,e8e9fcfd-50cf-4695-bf57-7b4903f13955,7,2022-05-30 19:39:39 UTC,2022-05-30 19:39:39 UTC
d8de0783-4f31-40d1-ad66-afa124cb2ec6,7322ec55-f4f5-4986-b536-9a4a0278b4cc,6,2022-05-30 19:39:07 UTC,2022-05-30 19:39:07 UTC
d8f62544-d12e-4bd5-a866-1e4b98a1c121,7322ec55-f4f5-4986-b536-9a4a0278b4cc,1,2022-05-30 19:39:07 UTC,2022-05-30 19:39:07 UTC
d940a649-b4d6-44f8-b858-835344e0ee0e,50568245-b973-4f67-88cb-9cb980c82956,1,2022-05-30 19:38:08 UTC,2022-05-30 19:38:08 UTC
d9787ce9-a78b-4702-b244-63a64beaa0df,1154d458-ed1d-464b-8b7a-aa4ace71f79d,7,2022-05-30 13:06:45 UTC,2022-05-30 13:06:45 UTC
d9d4af4b-178f-441f-88ff-b7911a1c7835,5e9abc05-4d2f-494e-ae7f-72dadba2cce1,2,2022-05-30 19:38:08 UTC,2022-05-30 19:38:08 UTC
d9fec0d1-8e5a-4db7-8faa-cabf0804acea,81cda8d1-2635-45f4-8a12-2f78e5a55723,5,2022-05-30 19:39:21 UTC,2022-05-30 19:39:21 UTC
dcf9a26f-1055-4a5f-888a-b2fe500cacea,3b4bee3d-ca5b-4a42-8ebd-88c791c374ca,3,2022-05-30 19:39:07 UTC,2022-05-30 19:39:07 UTC
dd6e260a-0432-40ad-9e41-786be04e625e,49e732b0-8a23-4965-b6fc-c056f4d99182,2,2022-05-30 19:03:24 UTC,2022-05-30 19:03:24 UTC
de308a96-da32-469c-8854-2cc204b71237,46904b36-140c-4871-aaf9-32fa45fef060,2,2022-05-30 19:38:08 UTC,2022-05-30 19:38:08 UTC
de53a2eb-acd7-4315-b9e4-457d74fbaf11,d50bda53-b3a0-473f-b028-9cb0b25e14f6,7,2022-05-30 19:38:30 UTC,2022-05-30 19:38:30 UTC
de9fc8ed-5678-4edb-aa3a-9c96b8913bfc,c8d5729d-25f5-4bef-b887-fb50dbb2d51e,3,2022-05-30 19:37:10 UTC,2022-05-30 19:37:10 UTC
df8c6b6e-ff22-4d30-b781-cb8611f7cdcd,3aef37ac-f8d9-497e-a24a-b2086a8e6505,6,2022-05-30 19:38:29 UTC,2022-05-30 19:38:29 UTC
e02a2df7-2905-4de0-9e49-58a4767db0ba,ba760bac-a7c2-411a-9cab-f179cf662555,2,2022-05-30 19:39:06 UTC,2022-05-30 19:39:06 UTC
e0d4a010-2c02-4442-9a30-13e9361c4cc8,8483ab6c-ee8d-443a-a72f-a470f53688ed,3,2022-05-30 19:39:51 UTC,2022-05-30 19:39:51 UTC
e162cc5b-7219-4a60-a635-5f28f2b138b9,27b60c6d-66b0-45e4-8d07-2a8515f67419,1,2022-05-30 19:38:29 UTC,2022-05-30 19:38:29 UTC
e1aadd9e-64c6-4b75-bd5b-ced718a2afa0,d50bda53-b3a0-473f-b028-9cb0b25e14f6,6,2022-05-30 19:38:30 UTC,2022-05-30 19:38:30 UTC
e1c7f011-577a-4c82-8564-c42012050176,6046b9c1-9ce2-48b1-ad68-40767e85bc8b,3,2022-05-30 19:39:21 UTC,2022-05-30 19:39:21 UTC
e28d354d-8473-443c-aaf5-78ca9266e080,46904b36-140c-4871-aaf9-32fa45fef060,3,2022-05-30 19:38:08 UTC,2022-05-30 19:38:08 UTC
e3751d2c-4e70-45fc-9511-e46430eb06a2,d2fd2991-a09e-47af-9eef-b10adbf2b591,2,2022-05-30 19:38:47 UTC,2022-05-30 19:38:47 UTC
e3d66e95-db0f-4ee5-98c5-e92ca6da153e,f7417338-5cba-4c12-b19d-a9cc31dc05d4,1,2022-05-30 19:39:52 UTC,2022-05-30 19:39:52 UTC
e409a234-46b1-4815-a15f-dc4deeb5bddd,a5d7e175-d45e-4d18-ab78-089b6fc720ba,1,2022-05-30 19:39:39 UTC,2022-05-30 19:39:39 UTC
e6f309c4-a705-46b8-9c05-564e2af49091,44256b9d-2f69-4753-ae43-f43929cf2fbb,1,2022-05-30 19:38:08 UTC,2022-05-30 19:38:08 UTC
e794a09a-bf5e-4b48-93c2-80ca589c756a,e8e9fcfd-50cf-4695-bf57-7b4903f13955,5,2022-05-30 19:39:39 UTC,2022-05-30 19:39:39 UTC
e890a76e-0d3d-47e9-b016-3c0d8f9a2edd,8483ab6c-ee8d-443a-a72f-a470f53688ed,4,2022-05-30 19:39:51 UTC,2022-05-30 19:39:51 UTC
e974c69d-bd33-4269-9df2-3bf7caa43b01,fd57ff40-8b35-48d9-ad15-b21842dcaa40,2,2022-05-30 19:38:29 UTC,2022-05-30 19:38:29 UTC
eaa082ed-7133-4d80-97eb-2f6e35e87643,27b60c6d-66b0-45e4-8d07-2a8515f67419,5,2022-05-30 19:38:29 UTC,2022-05-30 19:38:29 UTC
eae631a5-3999-45d6-90a5-0ce51fa73f36,a6048a6b-6081-451b-b3a1-160cc8757640,2,2022-05-30 19:37:10 UTC,2022-05-30 19:37:10 UTC
eb34b0eb-460d-40d3-be98-00519337ce7a,ba760bac-a7c2-411a-9cab-f179cf662555,6,2022-05-30 19:39:06 UTC,2022-05-30 19:39:06 UTC
eb6818ce-c247-425b-a99b-8259220cd830,3b641bcd-5661-46e1-a92f-106457152c0f,2,2022-05-30 19:38:46 UTC,2022-05-30 19:38:46 UTC
ebbd0a63-f0c0-4120-a56f-79590726f23b,833877bc-7c74-4049-a0b6-9bcee0aa3df9,7,2022-05-30 19:37:10 UTC,2022-05-30 19:37:10 UTC
ebc7531c-610c-46e3-8ab2-4dc6c591c0fb,f3a03ea5-57cf-4ddc-8c62-3a8967fe027f,6,2022-05-29 02:50:02 UTC,2022-05-29 02:50:02 UTC
ecbbbc3e-5b7e-4fcc-a662-df7d12f444ed,356ad568-b7d0-4ece-894c-fa4d042cb3fa,5,2022-05-30 13:43:20 UTC,2022-05-30 13:43:20 UTC
ed266a43-5ca1-407d-81f4-ca9ebac3e7e3,55a7f473-5bb9-4592-87d3-507b85e2f677,2,2022-05-30 19:39:38 UTC,2022-05-30 19:39:38 UTC
ed8b08e5-12ed-49d0-a923-c7325964b2e2,b65d7859-5b9a-4708-9921-fe9a13ee488a,4,2022-05-30 19:39:07 UTC,2022-05-30 19:39:07 UTC
ee02c203-4c21-4dd7-b8f1-96586cb693ac,d2fd2991-a09e-47af-9eef-b10adbf2b591,7,2022-05-30 19:38:47 UTC,2022-05-30 19:38:47 UTC
ee7cb2be-ef26-48f3-b1d0-56ae8b27d1bf,f5906f0e-e11f-4049-bf9a-89ae16e7da23,3,2022-05-30 19:41:24 UTC,2022-05-30 19:41:24 UTC
eee17b16-acff-4851-ba0d-6d8dbba90c06,15c20e0b-5fee-48d7-93f0-8884eae9d337,2,2022-05-30 01:52:10 UTC,2022-05-30 01:52:10 UTC
ef754bd1-f406-468a-bf7c-cfe05ec26a96,49e732b0-8a23-4965-b6fc-c056f4d99182,6,2022-05-30 19:03:24 UTC,2022-05-30 19:03:24 UTC
efb146c5-1034-43e5-b266-020b8eb7fed2,467537c9-2cb2-4768-8b65-d6baac110578,4,2022-05-30 19:41:24 UTC,2022-05-30 19:41:24 UTC
efd3113d-a346-464e-974f-0f9747aaf0fc,eb208206-72b9-4dc9-ad31-e2f5c56258f3,3,2022-05-30 19:38:47 UTC,2022-05-30 19:38:47 UTC
f0f79160-1145-4161-bf44-7ed99115edad,f5906f0e-e11f-4049-bf9a-89ae16e7da23,2,2022-05-30 19:41:24 UTC,2022-05-30 19:41:24 UTC
f1303137-7594-4755-a0b5-3818e53188d6,15c20e0b-5fee-48d7-93f0-8884eae9d337,5,2022-05-30 01:52:10 UTC,2022-05-30 01:52:10 UTC
f5038eb0-434c-4963-95d3-2f9bdbcea81d,803805da-61bb-437a-b3b8-27504521c060,2,2022-05-30 19:39:22 UTC,2022-05-30 19:39:22 UTC
f6060d52-1df6-44ab-88c3-efb919905291,fd57ff40-8b35-48d9-ad15-b21842dcaa40,3,2022-05-30 19:38:29 UTC,2022-05-30 19:38:29 UTC
f61a635c-89ef-44de-8136-3251c099578b,35b31feb-d733-4613-a53a-a3a3eb47e84a,3,2022-05-30 13:44:07 UTC,2022-05-30 13:44:07 UTC
f6603e3f-363a-438a-981e-9a933f7e90fb,eba5b55d-f24e-4ff6-813d-63ffc5ff276e,3,2022-05-30 19:39:39 UTC,2022-05-30 19:39:39 UTC
f6de6cf2-7e2c-45f6-b664-852bd86f9dff,356ad568-b7d0-4ece-894c-fa4d042cb3fa,1,2022-05-30 13:43:20 UTC,2022-05-30 13:43:20 UTC
f750522e-f839-4dea-b3e2-e6b57d8faa38,587dfc7a-bc61-473a-b806-32d27e60c935,3,2022-05-30 19:39:51 UTC,2022-05-30 19:39:51 UTC
f797d6c6-4ec0-48a1-99f5-7c2588526bea,d8c83c90-2609-49a7-b5d2-92922e2ab617,2,2022-05-30 19:38:47 UTC,2022-05-30 19:38:47 UTC
f7b3bbc3-7d9f-40aa-bd00-580dac21cb18,f5906f0e-e11f-4049-bf9a-89ae16e7da23,5,2022-05-30 19:41:24 UTC,2022-05-30 19:41:24 UTC
f7b8bdc5-6de7-4283-839d-90ce7d08d4e2,467537c9-2cb2-4768-8b65-d6baac110578,3,2022-05-30 19:41:24 UTC,2022-05-30 19:41:24 UTC
f80e8aa7-b3a7-4bd6-b4db-32d37a111682,eb208206-72b9-4dc9-ad31-e2f5c56258f3,5,2022-05-30 19:38:47 UTC,2022-05-30 19:38:47 UTC
f80ea338-1f94-40ae-8343-39cdc6d651b5,9d64e291-0648-4c92-bc97-f0fb38c78957,7,2022-05-30 19:38:30 UTC,2022-05-30 19:38:30 UTC
f84244c5-f2c7-4a5c-9962-a1883d2115f9,9d64e291-0648-4c92-bc97-f0fb38c78957,2,2022-05-30 19:38:30 UTC,2022-05-30 19:38:30 UTC
f86f2f43-71c5-4d6f-8de1-51e87b735c9c,2229938f-d806-4f98-9605-194b9a6c2f71,4,2022-05-30 13:06:40 UTC,2022-05-30 13:06:40 UTC
f8af41c6-7a37-4330-aba7-7a6f6e2b4d4c,0bd4decd-b3d9-4a5d-b526-0116610395ef,3,2022-05-30 19:39:21 UTC,2022-05-30 19:39:21 UTC
f8f25b3d-1e1b-4acd-a3a8-1de30fcd4bc1,6046b9c1-9ce2-48b1-ad68-40767e85bc8b,6,2022-05-30 19:39:21 UTC,2022-05-30 19:39:21 UTC
fad2bb60-145f-4276-92e4-e06557990d88,f3a03ea5-57cf-4ddc-8c62-3a8967fe027f,7,2022-05-29 02:50:02 UTC,2022-05-29 02:50:02 UTC
fb15249c-8d04-41d4-b728-59ef08f91618,f7417338-5cba-4c12-b19d-a9cc31dc05d4,4,2022-05-30 19:39:52 UTC,2022-05-30 19:39:52 UTC
fb9b3f4e-1f8c-4ec9-85a2-83cf38b60e26,d88cf22a-7355-4faf-97fe-b9e3d54c348c,2,2022-05-30 19:03:24 UTC,2022-05-30 19:03:24 UTC
fc4d801e-3d4a-4264-9910-30b2afbe634a,df76c996-e90f-4529-98fc-4c169ad15231,2,2022-05-30 19:03:24 UTC,2022-05-30 19:03:24 UTC
fd8bd84b-cbaf-46c2-bb3b-2645fd476bd5,f0746252-b89b-4e8d-bdf1-81613156fcbe,2,2022-05-30 19:03:24 UTC,2022-05-30 19:03:24 UTC
fdc00f19-caa0-4b2f-a232-4ef8882fe67e,f5906f0e-e11f-4049-bf9a-89ae16e7da23,1,2022-05-30 19:41:24 UTC,2022-05-30 19:41:24 UTC
fdca36e3-a3eb-4e80-ad6c-d78c1602294c,7322ec55-f4f5-4986-b536-9a4a0278b4cc,4,2022-05-30 19:39:07 UTC,2022-05-30 19:39:07 UTC
fec7e686-a221-443b-9c48-66b36fa5bd9f,b16e9ec8-9602-4fb9-acab-df52a366d05e,2,2022-05-30 19:38:08 UTC,2022-05-30 19:38:08 UTC
fecb7563-73ea-40df-b72f-8eff3702538c,c8d5729d-25f5-4bef-b887-fb50dbb2d51e,2,2022-05-30 19:37:10 UTC,2022-05-30 19:37:10 UTC
feff6be5-9890-46ec-9717-b8294d0ffbea,3aef37ac-f8d9-497e-a24a-b2086a8e6505,1,2022-05-30 19:38:29 UTC,2022-05-30 19:38:29 UTC
ff7e0c16-9fc5-4e69-8cb8-e8c23170d1b5,f7417338-5cba-4c12-b19d-a9cc31dc05d4,5,2022-05-30 19:39:52 UTC,2022-05-30 19:39:52 UTC
